Date,High,Low,Last,Previous Day Price,Volume
2018-10-30,19.425,19.285,19.425,19.745,0.0
2018-10-29,19.745,19.435,19.745,19.475,9.0
2018-10-26,19.51,19.265,19.475,19.505,0.0
2018-10-25,19.605,19.505,19.505,19.605,0.0
2018-10-24,19.62,19.565,19.605,19.4,0.0
2018-10-23,19.455,19.35,19.4,19.535,0.0
2018-10-22,19.6,19.53,19.535,19.65,20.0
2018-10-19,19.69,19.575,19.65,19.59,0.0
2018-10-18,19.71,19.59,19.59,19.675,0.0
2018-10-17,19.71,19.655,19.675,19.73,0.0
2018-10-16,19.73,19.505,19.73,19.605,0.0
2018-10-15,19.735,19.6,19.605,19.845,0.0
2018-10-12,19.85,19.72,19.845,19.78,0.0
2018-10-11,20.01,19.24,19.78,19.785,192.0
2018-10-10,19.935,19.65,19.785,19.71,548.0
2018-10-09,19.725,19.67,19.71,19.66,0.0
2018-10-08,19.885,19.31,19.66,19.615,10.0
2018-10-05,19.625,19.47,19.615,19.535,0.0
2018-10-04,19.535,19.325,19.535,19.445,0.0
2018-10-02,19.49,19.32,19.445,19.48,7.0
2018-10-01,19.68,19.425,19.48,19.415,7.0
2018-09-28,19.48,19.215,19.415,19.205,0.0
2018-09-27,19.66,19.155,19.205,19.315,40.0
2018-09-26,19.315,18.975,19.315,19.09,0.0
2018-09-25,19.09,19.02,19.09,19.32,0.0
2018-09-24,19.49,19.32,19.32,17.55,32.0
2018-09-21,17.625,17.475,17.55,17.655,0.0
2018-09-20,18.03,17.465,17.655,17.49,0.0
2018-09-19,17.5,17.32,17.49,17.515,0.0
2018-09-18,17.54,17.395,17.515,17.52,0.0
2018-09-17,17.75,17.435,17.52,17.145,300.0
2018-09-14,17.145,17.145,17.145,17.185,0.0
2018-09-13,17.185,17.005,17.185,17.125,0.0
2018-09-12,17.19,17.065,17.125,17.185,0.0
2018-09-11,17.2,17.05,17.185,17.12,0.0
2018-09-10,17.17,17.015,17.12,17.135,701.0
2018-09-07,17.135,16.825,17.135,16.98,0.0
2018-09-06,16.98,16.835,16.98,16.945,0.0
2018-09-05,17.02,16.87,16.945,17.015,0.0
2018-09-04,17.015,16.855,17.015,17.5,0.0
2018-09-03,17.5,16.825,17.5,16.96,9.0
2018-08-31,17.06,16.885,16.96,17.03,0.0
2018-08-30,17.06,16.885,17.03,16.88,0.0
2018-08-29,16.885,16.69,16.88,16.815,0.0
2018-08-28,16.89,16.7,16.815,16.73,0.0
2018-08-27,16.75,16.73,16.73,16.875,0.0
2018-08-24,16.89,16.755,16.875,16.875,0.0
2018-08-23,16.915,16.76,16.875,17.19,0.0
2018-08-22,17.19,16.73,17.19,16.735,1009.0
2018-08-21,16.735,16.735,16.735,16.945,0.0
2018-08-20,16.96,16.78,16.945,16.895,0.0
2018-08-17,16.93,16.81,16.895,16.86,0.0
2018-08-16,16.86,16.86,16.86,16.885,0.0
2018-08-15,16.885,16.885,16.885,16.995,0.0
2018-08-14,16.995,16.995,16.995,16.835,0.0
2018-08-13,16.835,16.835,16.835,17.44,0.0
2018-08-10,17.44,16.74,17.44,17.07,14.0
2018-08-09,17.07,16.615,17.07,16.61,0.0
2018-08-08,16.61,16.61,16.61,16.635,0.0
2018-08-07,16.635,16.635,16.635,16.75,0.0
2018-08-06,16.75,16.75,16.75,16.755,0.0
2018-08-03,16.755,16.755,16.755,16.775,0.0
2018-08-02,16.775,16.775,16.775,16.79,0.0
2018-08-01,16.79,16.79,16.79,17.425,0.0
2018-07-31,17.425,16.66,17.425,16.75,294.0
2018-07-30,16.75,16.75,16.75,16.86,0.0
2018-07-27,16.86,16.725,16.86,16.895,0.0
2018-07-26,16.895,16.745,16.895,16.805,0.0
2018-07-25,16.805,16.61,16.805,16.705,8.0
2018-07-24,16.705,16.54,16.705,16.665,0.0
2018-07-23,16.695,16.555,16.665,16.55,0.0
2018-07-20,16.55,16.55,16.55,17.115,0.0
2018-07-19,17.115,16.63,17.115,16.975,9.0
2018-07-18,17.01,16.835,16.975,16.945,0.0
2018-07-17,17.06,16.915,16.945,17.215,0.0
2018-07-16,17.635,17.085,17.215,17.98,0.0
2018-07-13,17.98,17.14,17.98,17.27,249.0
2018-07-12,17.27,17.195,17.27,16.7,0.0
2018-07-11,16.915,16.565,16.7,16.79,0.0
2018-07-10,16.79,16.225,16.79,16.44,0.0
2018-07-09,16.44,16.125,16.44,16.185,250.0
2018-07-06,16.235,16.025,16.185,16.235,0.0
2018-07-05,16.235,16.235,16.235,16.39,0.0
2018-07-04,16.39,16.21,16.39,16.295,0.0
2018-07-03,16.36,16.255,16.295,16.39,0.0
2018-07-02,16.39,16.29,16.39,16.3,0.0
2018-06-29,16.3,16.04,16.3,16.19,0.0
2018-06-28,16.255,16.085,16.19,16.265,0.0
2018-06-27,16.72,16.02,16.265,16.215,1250.0
2018-06-26,16.22,15.74,16.215,15.9,0.0
2018-06-25,15.915,15.825,15.9,15.9,0.0
2018-06-22,16.075,15.74,15.9,15.84,0.0
2018-06-21,15.845,15.42,15.84,15.58,0.0
2018-06-20,15.58,14.93,15.58,15.1,0.0
2018-06-19,15.14,15.005,15.1,15.12,0.0
2018-06-18,15.21,15.09,15.12,15.19,0.0
2018-06-15,15.3,15.18,15.19,15.18,0.0
2018-06-14,15.48,14.895,15.18,15.01,3.0
2018-06-13,15.155,15.01,15.01,15.22,0.0
2018-06-12,15.69,15.06,15.22,15.085,14.0
2018-06-11,15.17,15.005,15.085,15.045,0.0
2018-06-08,15.275,15.045,15.045,15.125,0.0
2018-06-07,15.285,15.125,15.125,15.34,0.0
2018-06-06,15.365,15.2,15.34,15.365,0.0
2018-06-05,15.365,15.065,15.365,15.2,0.0
2018-06-04,15.215,15.08,15.2,15.145,0.0
2018-06-01,15.145,15.02,15.145,15.195,0.0
2018-05-31,15.195,15.025,15.195,15.205,0.0
2018-05-30,15.205,15.11,15.205,15.175,0.0
2018-05-29,15.175,15.175,15.175,15.085,0.0
2018-05-28,15.085,15.085,15.085,15.21,0.0
2018-05-25,15.31,15.09,15.21,15.24,0.0
2018-05-24,15.395,15.24,15.24,15.31,0.0
2018-05-23,15.42,15.265,15.31,15.43,0.0
2018-05-22,15.43,15.24,15.43,15.37,0.0
2018-05-18,15.465,15.32,15.37,15.43,0.0
2018-05-17,15.455,15.355,15.43,15.455,0.0
2018-05-16,15.455,15.33,15.455,15.34,0.0
2018-05-15,15.36,15.135,15.34,15.215,0.0
2018-05-14,15.28,15.135,15.215,15.05,0.0
2018-05-11,15.05,15.05,15.05,15.035,0.0
2018-05-10,15.31,15.035,15.035,15.26,0.0
2018-05-09,15.27,15.115,15.26,15.205,0.0
2018-05-08,15.32,15.19,15.205,15.3,0.0
2018-05-07,15.3,15.255,15.3,15.355,25.0
2018-05-04,15.425,15.215,15.355,15.36,0.0
2018-05-03,15.455,15.31,15.36,15.46,0.0
2018-05-02,15.53,15.37,15.46,15.385,0.0
2018-04-30,15.435,15.3,15.385,15.56,0.0
2018-04-27,15.56,15.325,15.56,15.43,750.0
2018-04-26,15.44,15.275,15.43,15.355,0.0
2018-04-25,15.355,14.725,15.355,14.77,233.0
2018-04-24,14.77,14.655,14.77,15.245,0.0
2018-04-23,15.245,14.775,15.245,14.89,12.0
2018-04-20,14.905,14.78,14.89,15.0,0.0
2018-04-19,15.0,14.85,15.0,15.0,0.0
2018-04-18,15.0,15.0,15.0,15.44,0.0
2018-04-17,15.44,14.88,15.44,14.845,18.0
2018-04-16,14.845,14.845,14.845,14.91,0.0
2018-04-13,14.91,14.795,14.91,14.93,0.0
2018-04-12,14.93,14.885,14.93,14.895,0.0
2018-04-11,14.895,14.895,14.895,14.96,0.0
2018-04-10,14.96,14.87,14.96,14.945,0.0
2018-04-09,14.975,14.815,14.945,14.89,0.0
2018-04-06,14.895,14.665,14.89,15.1,0.0
2018-04-05,15.34,14.84,15.1,14.935,328.0
2018-04-04,14.995,14.86,14.935,15.005,0.0
2018-04-03,15.005,14.465,15.005,14.765,0.0
2018-03-29,14.87,14.765,14.765,15.32,0.0
2018-03-28,15.32,14.79,15.32,14.835,50.0
2018-03-27,14.835,14.695,14.835,14.76,0.0
2018-03-26,14.82,14.72,14.76,14.815,0.0
2018-03-23,14.865,14.615,14.815,14.885,0.0
2018-03-22,14.96,14.75,14.885,14.915,0.0
2018-03-21,14.915,14.715,14.915,14.83,0.0
2018-03-20,14.84,14.66,14.83,14.85,0.0
2018-03-19,14.85,14.75,14.85,14.795,0.0
2018-03-16,14.825,14.705,14.795,14.895,0.0
2018-03-15,14.895,14.7,14.895,15.2,0.0
2018-03-14,15.2,14.605,15.2,14.765,14.0
2018-03-13,14.795,14.665,14.765,14.81,0.0
2018-03-12,14.85,14.765,14.81,14.87,0.0
2018-03-09,14.905,14.77,14.87,14.925,0.0
2018-03-08,14.93,14.735,14.925,15.14,0.0
2018-03-06,15.18,15.18,15.18,15.185,0.0
2018-03-05,15.72,15.095,15.185,15.195,300.0
2018-03-02,15.195,15.005,15.195,15.24,0.0
2018-03-01,15.24,14.945,15.24,14.92,0.0
2018-02-28,15.11,14.815,14.92,15.0,0.0
2018-02-27,15.415,12.28,15.0,12.41,2500.0
2018-02-26,12.465,12.225,12.41,12.33,0.0
2018-02-23,12.35,12.255,12.33,12.2,0.0
2018-02-22,12.3,12.2,12.2,12.36,0.0
2018-02-21,12.395,12.36,12.36,12.415,0.0
2018-02-20,12.415,12.265,12.415,12.265,0.0
2018-02-19,12.27,12.255,12.265,12.27,0.0
2018-02-16,12.27,12.01,12.27,12.16,0.0
2018-02-15,12.16,11.925,12.16,12.075,0.0
2018-02-14,12.185,11.66,12.075,11.79,0.0
2018-02-13,11.825,11.62,11.79,11.745,0.0
2018-02-12,11.75,11.52,11.745,11.705,0.0
2018-02-09,11.785,11.64,11.705,11.86,0.0
2018-02-08,11.865,11.745,11.86,11.69,0.0
2018-02-07,11.695,11.58,11.69,11.685,0.0
2018-02-06,11.685,11.615,11.685,11.755,0.0
2018-02-05,12.14,11.755,11.755,11.935,29.0
2018-02-02,12.0,11.87,11.935,12.005,0.0
2018-02-01,12.035,11.905,12.005,11.85,0.0
2018-01-31,11.875,11.76,11.85,11.75,0.0
2018-01-30,11.835,11.74,11.75,11.815,23.0
2018-01-29,11.83,11.76,11.815,11.815,0.0
2018-01-26,11.84,11.675,11.815,11.77,0.0
2018-01-25,11.77,11.505,11.77,11.635,0.0
2018-01-24,11.635,11.43,11.635,11.56,0.0
2018-01-23,11.585,11.235,11.56,11.265,0.0
2018-01-22,11.295,11.2,11.265,11.24,0.0
2018-01-19,11.25,11.125,11.24,11.235,0.0
2018-01-18,11.285,11.19,11.235,11.2,0.0
2018-01-17,11.265,11.145,11.2,11.235,0.0
2018-01-16,11.235,11.14,11.235,11.225,0.0
2018-01-15,11.24,11.13,11.225,11.23,0.0
2018-01-12,11.59,11.14,11.23,11.24,170.0
2018-01-11,11.315,11.23,11.24,11.36,0.0
2018-01-10,11.41,11.34,11.36,11.395,0.0
2018-01-09,11.395,11.28,11.395,11.19,0.0
2018-01-08,11.19,11.19,11.19,11.245,0.0
2018-01-05,11.25,11.115,11.245,11.175,0.0
2018-01-04,11.275,11.175,11.175,11.295,0.0
2018-01-03,11.37,11.255,11.295,11.286,0.0
2018-01-02,11.511,11.265,11.286,11.088,60.0
2017-12-29,11.088,11.088,11.088,11.066,0.0
2017-12-28,11.066,11.066,11.066,11.231,0.0
2017-12-27,11.231,11.231,11.231,11.256,0.0
2017-12-22,11.352,11.251,11.256,11.349,0.0
2017-12-21,11.349,11.273,11.349,11.399,0.0
2017-12-20,11.405,11.357,11.399,11.772,0.0
2017-12-19,11.775,11.41,11.772,11.471,5.0
2017-12-18,11.543,11.297,11.471,11.284,0.0
2017-12-15,11.325,11.093,11.284,11.172,0.0
2017-12-14,11.349,11.072,11.172,11.418,0.0
2017-12-13,11.429,11.25,11.418,11.312,0.0
2017-12-12,11.312,11.116,11.312,11.109,0.0
2017-12-11,11.229,11.094,11.109,11.199,0.0
2017-12-08,11.338,11.199,11.199,11.206,0.0
2017-12-07,11.344,11.005,11.206,11.09,0.0
2017-12-06,11.134,10.853,11.09,10.981,0.0
2017-12-05,10.981,10.64,10.981,10.805,0.0
2017-12-04,10.805,10.402,10.805,10.489,0.0
2017-12-01,10.521,10.425,10.489,10.557,0.0
2017-11-30,10.568,10.425,10.557,10.502,0.0
2017-11-29,10.516,10.364,10.502,10.319,0.0
2017-11-28,10.357,10.267,10.319,10.327,0.0
2017-11-27,10.393,10.316,10.327,10.411,0.0
2017-11-24,10.488,10.357,10.411,10.453,0.0
2017-11-23,10.46,10.397,10.453,10.516,0.0
2017-11-22,10.544,10.503,10.516,10.602,0.0
2017-11-21,10.647,10.572,10.602,10.626,0.0
2017-11-20,10.629,10.356,10.626,10.342,0.0
2017-11-17,10.411,9.923,10.342,10.019,0.0
2017-11-16,10.019,9.884,10.019,9.911,0.0
2017-11-15,9.912,9.854,9.911,9.935,0.0
2017-11-14,10.039,9.935,9.935,10.125,0.0
2017-11-13,10.206,10.101,10.125,10.304,0.0
2017-11-10,10.304,10.202,10.304,10.265,0.0
2017-11-09,10.371,10.263,10.265,10.439,0.0
2017-11-08,10.451,10.352,10.439,10.407,0.0
2017-11-07,10.441,10.369,10.407,10.517,0.0
2017-11-06,10.577,10.469,10.517,10.545,0.0
2017-11-03,10.556,10.457,10.545,10.552,0.0
2017-11-02,10.693,10.537,10.552,10.572,0.0
2017-11-01,10.572,10.572,10.572,10.367,0.0
2017-10-30,10.367,10.367,10.367,10.44,0.0
2017-10-27,10.447,10.394,10.44,10.458,0.0
2017-10-26,10.458,10.345,10.458,10.427,0.0
2017-10-25,10.455,10.305,10.427,10.406,0.0
2017-10-24,10.437,10.384,10.406,10.429,0.0
2017-10-23,10.429,10.364,10.429,10.405,0.0
2017-10-20,10.405,10.255,10.405,10.344,0.0
2017-10-19,10.344,10.316,10.344,10.39,0.0
2017-10-18,10.39,10.253,10.39,10.355,0.0
2017-10-17,10.424,10.346,10.355,10.428,0.0
2017-10-16,10.447,10.327,10.428,10.344,0.0
2017-10-13,10.344,10.23,10.344,10.236,0.0
2017-10-12,10.236,10.023,10.236,10.113,0.0
2017-10-11,10.123,10.06,10.113,10.173,0.0
2017-10-10,10.173,10.108,10.173,10.234,0.0
2017-10-09,10.234,10.131,10.234,10.2,0.0
2017-10-06,10.208,10.156,10.2,10.21,0.0
2017-10-05,10.214,10.168,10.21,10.252,0.0
2017-10-04,10.252,10.153,10.252,10.176,0.0
2017-10-02,10.319,10.176,10.176,10.248,0.0
2017-09-29,10.29,10.237,10.248,10.247,0.0
2017-09-28,10.322,10.242,10.247,10.344,0.0
2017-09-27,10.353,10.257,10.344,10.347,0.0
2017-09-26,10.395,10.301,10.347,10.389,0.0
2017-09-25,10.389,10.304,10.389,10.292,0.0
2017-09-22,10.338,10.292,10.292,10.361,0.0
2017-09-21,10.401,10.332,10.361,10.362,0.0
2017-09-20,10.362,10.238,10.362,10.336,0.0
2017-09-19,10.352,10.276,10.336,10.407,0.0
2017-09-18,10.471,10.385,10.407,10.463,0.0
2017-09-15,10.463,10.263,10.463,10.346,0.0
2017-09-14,10.346,10.189,10.346,10.289,0.0
2017-09-13,10.313,9.993,10.289,10.292,0.0
2017-09-12,10.435,10.197,10.292,10.352,0.0
2017-09-11,10.379,10.229,10.352,10.232,0.0
2017-09-08,10.289,10.164,10.232,10.256,0.0
2017-09-07,10.298,10.234,10.256,10.339,0.0
2017-09-06,10.345,10.208,10.339,10.253,0.0
2017-09-05,10.268,10.148,10.253,10.269,0.0
2017-09-04,10.295,10.248,10.269,10.339,0.0
2017-09-01,10.339,10.209,10.339,10.269,0.0
2017-08-31,10.269,10.167,10.269,10.212,0.0
2017-08-30,10.228,10.085,10.212,10.143,0.0
2017-08-29,10.146,10.117,10.143,10.142,0.0
2017-08-28,10.142,10.142,10.142,10.255,1112.0
2017-08-25,10.263,10.156,10.255,10.234,0.0
2017-08-24,10.272,10.139,10.234,10.209,0.0
2017-08-23,10.308,10.209,10.209,10.342,0.0
2017-08-22,10.342,10.231,10.342,10.322,0.0
2017-08-21,10.329,10.272,10.322,10.258,0.0
2017-08-18,10.366,10.258,10.258,10.383,0.0
2017-08-17,10.383,10.28,10.383,10.411,0.0
2017-08-16,10.424,10.308,10.411,10.311,0.0
2017-08-15,10.434,10.311,10.311,10.337,0.0
2017-08-14,10.415,10.286,10.337,10.353,0.0
2017-08-11,10.399,10.334,10.353,10.458,0.0
2017-08-10,10.466,10.342,10.458,10.426,0.0
2017-08-09,10.507,10.426,10.426,10.506,0.0
2017-08-08,10.595,10.499,10.506,10.588,0.0
2017-08-07,10.608,10.527,10.588,10.623,0.0
2017-08-04,10.623,10.517,10.623,10.526,0.0
2017-08-03,10.71,10.526,10.526,10.722,0.0
2017-08-02,10.722,10.619,10.722,10.703,0.0
2017-08-01,10.714,10.565,10.703,10.67,0.0
2017-07-31,10.67,10.574,10.67,10.568,0.0
2017-07-28,10.653,10.568,10.568,10.714,0.0
2017-07-27,10.73,10.616,10.714,10.704,0.0
2017-07-26,10.716,10.599,10.704,10.662,0.0
2017-07-25,10.711,10.601,10.662,10.697,0.0
2017-07-24,10.712,10.619,10.697,10.621,0.0
2017-07-21,10.621,10.621,10.621,10.627,0.0
2017-07-20,10.796,10.627,10.627,10.74,0.0
2017-07-19,10.842,10.74,10.74,10.808,0.0
2017-07-18,10.889,10.794,10.808,10.967,0.0
2017-07-17,10.967,10.877,10.967,10.919,0.0
2017-07-14,10.935,10.858,10.919,11.168,0.0
2017-07-13,11.168,11.029,11.168,11.129,0.0
2017-07-12,11.129,10.933,11.129,11.122,0.0
2017-07-11,11.173,11.044,11.122,11.117,0.0
2017-07-10,11.131,11.017,11.117,11.102,0.0
2017-07-07,11.125,11.075,11.102,11.125,0.0
2017-07-06,11.694,11.125,11.125,11.174,315.0
2017-07-05,11.236,11.154,11.174,11.255,0.0
2017-07-04,11.261,11.171,11.255,11.239,0.0
2017-07-03,11.26,11.13,11.239,11.142,0.0
2017-06-30,11.142,11.043,11.142,10.821,0.0
2017-06-29,10.848,10.683,10.821,10.676,0.0
2017-06-28,10.797,10.647,10.676,10.778,0.0
2017-06-27,10.899,10.778,10.778,10.898,0.0
2017-06-26,11.277,10.8,10.898,10.856,797.0
2017-06-23,11.2,10.733,10.856,10.71,70.0
2017-06-22,10.817,10.71,10.71,10.765,0.0
2017-06-21,10.846,10.667,10.765,10.873,0.0
2017-06-20,10.874,10.765,10.873,10.911,0.0
2017-06-19,10.911,10.796,10.911,10.908,0.0
2017-06-16,10.94,10.842,10.908,10.785,0.0
2017-06-15,10.785,10.785,10.785,10.8,0.0
2017-06-14,11.003,10.8,10.8,11.29,0.0
2017-06-13,11.29,10.856,11.29,10.925,150.0
2017-06-12,10.966,10.915,10.925,10.998,0.0
2017-06-09,10.998,10.998,10.998,11.234,0.0
2017-06-08,11.234,11.182,11.234,11.549,0.0
2017-06-07,11.549,11.043,11.549,11.046,100.0
2017-06-06,11.046,11.046,11.046,11.2,0.0
2017-06-02,11.2,11.2,11.2,11.301,0.0
2017-06-01,11.301,11.173,11.301,11.252,0.0
2017-05-31,11.305,11.22,11.252,11.335,0.0
2017-05-30,11.387,11.274,11.335,11.242,0.0
2017-05-29,11.248,11.242,11.242,11.57,0.0
2017-05-26,11.69,11.57,11.57,11.69,200.0
2017-05-25,11.69,11.69,11.69,11.422,0.0
2017-05-24,11.422,11.422,11.422,11.48,0.0
2017-05-23,11.48,11.419,11.48,11.544,0.0
2017-05-22,11.548,11.445,11.544,11.548,0.0
2017-05-19,11.586,11.461,11.548,11.61,0.0
2017-05-18,11.61,11.406,11.61,11.481,0.0
2017-05-17,11.534,11.41,11.481,11.496,0.0
2017-05-16,11.564,11.48,11.496,11.592,0.0
2017-05-15,11.67,11.551,11.592,11.624,0.0
2017-05-12,11.697,11.604,11.624,11.678,0.0
2017-05-11,11.72,11.665,11.678,11.743,0.0
2017-05-10,11.743,11.634,11.743,11.629,0.0
2017-05-09,11.688,11.58,11.629,11.639,0.0
2017-05-08,11.664,11.496,11.639,11.502,0.0
2017-05-05,11.587,11.468,11.502,11.583,0.0
2017-05-04,11.608,11.55,11.583,11.672,0.0
2017-05-03,11.672,11.568,11.672,11.691,0.0
2017-05-02,11.691,11.405,11.691,11.584,0.0
2017-04-28,11.638,11.537,11.584,11.515,0.0
2017-04-27,11.611,11.457,11.515,11.545,0.0
2017-04-26,11.545,11.324,11.545,11.407,0.0
2017-04-25,11.472,11.372,11.407,11.43,0.0
2017-04-24,11.5,11.334,11.43,11.614,0.0
2017-04-21,11.632,11.552,11.614,11.586,0.0
2017-04-20,11.622,11.584,11.586,11.609,15.0
2017-04-19,11.638,11.472,11.609,11.518,0.0
2017-04-18,11.539,11.387,11.518,11.486,0.0
2017-04-13,11.496,11.311,11.486,11.405,0.0
2017-04-12,11.405,11.211,11.405,11.29,0.0
2017-04-11,11.29,11.185,11.29,11.175,0.0
2017-04-10,11.277,11.124,11.175,11.166,0.0
2017-04-07,11.166,11.079,11.166,11.117,0.0
2017-04-06,11.223,11.058,11.117,11.244,0.0
2017-04-05,11.244,11.149,11.244,11.155,0.0
2017-04-04,11.257,11.155,11.155,11.295,0.0
2017-04-03,11.341,11.264,11.295,11.269,0.0
2017-03-31,11.281,11.208,11.269,11.248,0.0
2017-03-30,11.29,11.17,11.248,11.147,0.0
2017-03-29,11.191,11.008,11.147,11.191,0.0
2017-03-28,11.217,11.088,11.191,11.208,0.0
2017-03-27,11.229,11.121,11.208,11.226,0.0
2017-03-24,11.257,11.191,11.226,11.306,0.0
2017-03-23,11.332,11.19,11.306,11.213,0.0
2017-03-22,11.279,11.203,11.213,11.255,0.0
2017-03-21,11.273,11.134,11.255,11.261,0.0
2017-03-20,11.296,11.261,11.261,11.208,0.0
2017-03-17,11.271,11.146,11.208,11.268,100.0
2017-03-16,11.268,11.095,11.268,11.217,0.0
2017-03-15,11.244,11.14,11.217,11.161,0.0
2017-03-14,11.161,11.079,11.161,11.268,0.0
2017-03-13,11.279,11.138,11.268,11.225,0.0
2017-03-10,11.309,11.225,11.225,11.309,0.0
2017-03-09,11.381,11.305,11.309,11.393,0.0
2017-03-08,11.397,11.317,11.393,11.374,0.0
2017-03-07,11.385,11.31,11.374,11.362,0.0
2017-03-06,11.362,11.362,11.362,11.438,0.0
2017-03-03,11.438,11.438,11.438,11.426,0.0
2017-03-02,11.426,11.426,11.426,11.593,0.0
2017-03-01,11.593,11.49,11.593,11.483,0.0
2017-02-28,11.483,11.483,11.483,11.518,0.0
2017-02-27,11.518,11.518,11.518,11.562,0.0
2017-02-24,11.641,11.562,11.562,11.52,0.0
2017-02-23,11.52,11.52,11.52,11.641,0.0
2017-02-22,11.697,11.592,11.641,11.616,0.0
2017-02-21,11.616,11.501,11.616,11.563,0.0
2017-02-20,11.567,11.456,11.563,11.446,0.0
2017-02-17,11.59,11.446,11.446,11.582,0.0
2017-02-16,11.615,11.512,11.582,11.634,0.0
2017-02-15,11.649,11.552,11.634,11.622,0.0
2017-02-14,11.673,11.604,11.622,11.696,0.0
2017-02-13,11.696,11.537,11.696,11.528,0.0
2017-02-10,11.528,11.528,11.528,11.631,0.0
2017-02-09,11.672,11.52,11.631,11.584,0.0
2017-02-08,11.701,11.574,11.584,11.555,0.0
2017-02-07,11.555,11.5,11.555,11.544,0.0
2017-02-06,11.575,11.45,11.544,11.532,0.0
2017-02-03,11.585,11.474,11.532,11.471,0.0
2017-02-02,11.677,11.471,11.471,11.663,0.0
2017-02-01,11.668,11.467,11.663,11.523,0.0
2017-01-31,11.576,11.5,11.523,11.629,0.0
2017-01-30,11.669,11.572,11.629,11.657,0.0
2017-01-27,11.683,11.594,11.657,12.104,0.0
2017-01-26,12.104,11.593,12.104,11.57,100.0
2017-01-25,11.618,11.486,11.57,11.5,0.0
2017-01-24,11.523,11.418,11.5,11.51,0.0
2017-01-23,11.51,11.366,11.51,11.353,0.0
2017-01-20,11.453,11.353,11.353,11.46,0.0
2017-01-19,11.476,11.307,11.46,11.342,0.0
2017-01-18,11.376,11.293,11.342,11.385,0.0
2017-01-17,11.4,11.1,11.385,11.184,80.0
2017-01-16,11.204,11.039,11.184,11.122,0.0
2017-01-13,11.122,11.122,11.122,11.254,0.0
2017-01-12,11.296,11.181,11.254,11.207,0.0
2017-01-11,11.29,11.164,11.207,11.242,0.0
2017-01-10,11.259,11.132,11.242,11.178,0.0
2017-01-09,11.322,11.178,11.178,11.413,0.0
2017-01-06,11.462,11.385,11.413,11.458,0.0
2017-01-05,11.479,11.348,11.458,11.404,0.0
2017-01-04,11.532,11.404,11.404,11.528,0.0
2017-01-03,11.587,11.332,11.528,11.339,0.0
2017-01-02,11.349,11.335,11.339,11.348,0.0
2016-12-30,11.401,11.289,11.348,11.433,0.0
2016-12-29,11.433,11.303,11.433,11.326,0.0
2016-12-28,11.432,11.321,11.326,11.5,0.0
2016-12-27,11.58,11.5,11.5,11.58,150.0
2016-12-23,11.58,11.58,11.58,11.58,0.0
2016-12-22,11.58,11.58,11.58,11.583,0.0
2016-12-21,11.583,11.583,11.583,11.61,0.0
2016-12-20,11.61,11.61,11.61,11.935,0.0
2016-12-19,12.144,11.935,11.935,11.644,2060.0
2016-12-16,11.698,11.58,11.644,11.58,0.0
2016-12-15,11.891,11.521,11.58,11.623,130.0
2016-12-14,11.684,11.524,11.623,11.57,0.0
2016-12-13,11.837,11.385,11.57,11.631,300.0
2016-12-12,11.797,11.631,11.631,9.204,7780.0
2016-12-09,9.204,9.204,9.204,9.217,0.0
2016-12-08,9.43,9.0,9.217,9.0,260.0
2016-12-07,9.0,9.0,9.0,9.0,0.0
2016-12-06,9.0,9.0,9.0,9.092,0.0
2016-12-05,9.124,9.024,9.092,9.049,
2016-12-02,9.049,9.0,9.049,9.105,
2016-12-01,9.105,9.0,9.105,9.131,
2016-11-30,9.181,8.895,9.131,8.989,
2016-11-29,9.01,8.817,8.989,8.907,
2016-11-28,9.062,8.907,8.907,9.183,
2016-11-25,9.245,8.837,9.183,8.862,
2016-11-24,8.862,8.8,8.862,8.801,
2016-11-23,8.861,8.8,8.801,8.876,
2016-11-22,8.876,8.8,8.876,8.8,
2016-11-21,9.0,8.8,8.8,9.0,
2016-11-18,9.052,9.0,9.0,9.031,
2016-11-17,9.09,9.031,9.031,9.017,
2016-11-16,9.017,9.017,9.017,9.0,
2016-11-15,9.0,9.0,9.0,8.935,
2016-11-14,9.056,8.901,8.935,9.056,
2016-11-11,9.143,8.995,9.056,8.977,
2016-11-10,9.166,9.052,9.086,8.572,
2016-11-09,8.572,8.572,8.572,8.99,
2016-11-08,9.032,8.943,8.99,9.068,
2016-11-07,9.068,8.98,9.068,8.898,
2016-11-04,8.898,8.898,8.898,8.906,
2016-11-03,8.906,8.906,8.906,8.855,
2016-11-02,8.855,8.855,8.855,8.961,
2016-11-01,8.961,8.961,8.961,8.961,
2016-10-31,8.969,8.869,8.961,8.978,
2016-10-28,9.052,8.939,8.978,8.947,
2016-10-27,8.963,8.783,8.947,8.877,
2016-10-26,8.934,8.815,8.877,8.912,
2016-10-25,9.042,8.912,8.912,8.971,
2016-10-24,9.204,8.971,8.971,9.088,
2016-10-21,9.4,9.088,9.088,9.3,
2016-10-20,9.459,9.3,9.3,9.481,
2016-10-19,9.481,9.241,9.481,9.329,
2016-10-18,9.329,9.131,9.329,9.132,
2016-10-17,9.249,9.117,9.132,9.366,
2016-10-14,9.389,9.262,9.366,9.277,
2016-10-13,9.467,9.16,9.277,9.9,
2016-10-12,9.9,9.479,9.9,9.477,
2016-10-11,9.738,9.477,9.477,9.731,
2016-10-10,9.803,9.701,9.731,9.99,
2016-10-07,9.99,9.965,9.99,10.046,
2016-10-06,10.152,10.046,10.046,10.301,
2016-10-05,10.343,10.257,10.301,10.797,
2016-10-04,10.797,10.5,10.797,10.317,
2016-09-30,10.332,10.252,10.317,10.127,
2016-09-29,10.127,10.127,10.127,9.681,
2016-09-28,9.681,9.681,9.681,9.714,
2016-09-27,9.714,9.51,9.714,9.523,
2016-09-26,9.674,9.489,9.523,9.776,
2016-09-23,9.901,9.768,9.776,9.958,
2016-09-22,9.958,9.853,9.958,9.814,
2016-09-21,9.902,9.775,9.814,9.851,
2016-09-20,9.914,9.828,9.851,9.804,
2016-09-19,9.804,9.62,9.804,9.785,
2016-09-16,9.824,9.643,9.785,9.535,
2016-09-15,9.566,9.521,9.535,9.692,
2016-09-14,9.715,9.692,9.692,9.812,
2016-09-13,9.894,9.812,9.812,9.929,
2016-09-12,9.929,9.811,9.929,9.9,
2016-09-09,9.991,9.9,9.9,9.991,
2016-09-08,9.991,9.991,9.991,10.159,
2016-09-07,10.178,10.152,10.159,10.132,
2016-09-06,10.132,10.132,10.132,10.211,
2016-09-05,10.211,10.1,10.211,10.08,
2016-09-02,10.083,9.946,10.08,10.015,
2016-09-01,10.015,9.848,10.015,9.818,
2016-08-31,9.818,9.818,9.818,9.959,
2016-08-30,9.965,9.959,9.959,9.988,
2016-08-29,9.988,9.987,9.988,10.03,
2016-08-26,10.088,10.03,10.03,10.02,
2016-08-25,10.04,9.871,10.02,10.015,
2016-08-24,10.015,9.778,10.015,9.867,
2016-08-23,9.867,9.689,9.867,9.713,
2016-08-22,9.713,9.645,9.713,9.742,
2016-08-19,9.742,9.742,9.742,9.747,
2016-08-18,9.749,9.741,9.747,9.806,
2016-08-17,9.844,9.78,9.806,9.843,
2016-08-16,9.873,9.833,9.843,9.869,
2016-08-15,10.013,9.869,9.869,9.931,
2016-08-12,10.179,9.931,9.931,10.141,
2016-08-11,10.217,10.136,10.141,10.17,
2016-08-10,10.366,10.17,10.17,10.303,
2016-08-09,10.542,10.303,10.303,10.553,
2016-08-08,10.628,10.522,10.553,10.665,
2016-08-05,10.665,10.562,10.665,10.546,
2016-08-04,10.649,10.53,10.546,10.539,
2016-08-03,10.64,10.498,10.539,10.539,
2016-08-02,10.593,10.534,10.539,10.604,
2016-08-01,10.832,10.604,10.604,10.748,
2016-07-29,10.859,10.599,10.748,10.387,
2016-07-28,10.387,10.387,10.387,10.593,
2016-07-27,10.593,10.356,10.593,10.423,
2016-07-26,10.444,10.341,10.423,10.429,
2016-07-25,10.48,10.371,10.429,10.224,
2016-07-22,10.224,10.224,10.224,10.341,
2016-07-21,10.554,10.275,10.341,10.624,
2016-07-20,10.63,10.426,10.624,10.506,
2016-07-19,10.626,10.304,10.506,10.371,
2016-07-15,10.367,10.267,10.294,10.36,
2016-07-14,10.414,10.26,10.36,10.209,
2016-07-13,10.687,10.209,10.209,10.083,
2016-07-12,10.083,10.083,10.083,10.165,
2016-07-11,10.171,10.006,10.165,10.004,
2016-07-08,10.004,9.731,10.004,9.66,
2016-07-07,9.66,9.66,9.66,9.768,
2016-07-06,9.862,9.731,9.768,9.834,
2016-07-05,10.03,9.792,9.834,10.112,
2016-07-04,10.256,10.109,10.112,9.984,
2016-07-01,9.984,9.984,9.984,10.037,
2016-06-30,10.243,10.032,10.037,10.008,
2016-06-29,10.008,9.743,10.008,9.46,
2016-06-28,9.46,9.46,9.46,9.65,
2016-06-27,9.975,9.507,9.65,9.194,
2016-06-24,9.194,9.194,9.194,11.497,
2016-06-23,11.57,11.407,11.497,11.273,
2016-06-22,11.327,11.22,11.273,11.622,
2016-06-21,11.622,11.237,11.622,10.904,
2016-06-20,10.904,10.904,10.904,10.812,
2016-06-17,10.866,10.724,10.812,10.659,
2016-06-16,10.673,10.413,10.659,10.692,
2016-06-15,10.736,10.564,10.692,10.516,
2016-06-14,11.006,10.516,10.516,11.245,
2016-06-13,11.418,11.196,11.245,11.507,
2016-06-10,12.082,11.507,11.507,11.961,
2016-06-09,11.985,11.594,11.961,11.804,
2016-06-08,11.823,11.734,11.804,11.97,
2016-06-07,12.016,11.807,11.97,11.868,
2016-06-06,11.868,11.72,11.868,11.812,
2016-06-03,12.061,11.809,11.812,12.082,
2016-06-02,12.133,12.033,12.082,12.175,
2016-06-01,12.343,12.121,12.175,12.575,
2016-05-31,12.694,12.569,12.575,12.494,
2016-05-30,12.525,12.482,12.494,12.612,
2016-05-27,12.612,12.53,12.612,12.517,
2016-05-26,12.517,12.347,12.517,12.455,
2016-05-25,12.558,12.455,12.455,12.459,
2016-05-24,12.459,11.969,12.459,12.136,
2016-05-23,12.136,11.934,12.136,11.911,
2016-05-20,11.929,11.886,11.911,11.815,
2016-05-19,11.815,11.815,11.815,11.886,
2016-05-18,11.886,11.699,11.886,12.355,
2016-05-17,12.355,12.355,12.355,11.573,
2016-05-13,11.654,11.549,11.573,11.769,
2016-05-12,11.779,11.522,11.769,11.633,
2016-05-11,11.72,11.632,11.633,11.758,
2016-05-10,11.758,11.758,11.758,11.881,
2016-05-09,11.913,11.717,11.881,11.685,
2016-05-06,11.744,11.619,11.685,11.679,
2016-05-05,11.708,11.614,11.679,11.615,
2016-05-04,11.75,11.615,11.615,11.62,
2016-05-03,11.819,11.62,11.62,11.739,
2016-05-02,11.764,11.731,11.739,11.819,
2016-04-29,11.912,11.819,11.819,11.939,
2016-04-28,12.083,11.939,11.939,12.052,
2016-04-27,12.238,12.052,12.052,12.397,
2016-04-26,12.48,12.191,12.397,12.224,
2016-04-25,12.278,12.167,12.224,12.266,
2016-04-22,12.378,12.266,12.266,12.925,
2016-04-21,12.925,12.925,12.925,12.827,
2016-04-20,12.843,12.593,12.827,12.429,
2016-04-19,12.429,12.429,12.429,12.198,
2016-04-18,12.198,12.198,12.198,12.6,
2016-04-15,12.6,12.6,12.6,12.567,
2016-04-14,12.762,12.567,12.567,12.683,
2016-04-13,12.683,12.497,12.683,12.44,
2016-04-12,12.53,12.407,12.44,12.529,
2016-04-11,12.542,12.341,12.529,12.544,
2016-04-08,12.544,12.544,12.544,12.416,
2016-03-15,12.915,12.815,12.897,13.034,
2016-03-14,13.034,12.752,13.034,12.787,
2016-03-11,12.886,12.458,12.886,12.769,
2016-03-10,12.991,12.769,12.769,12.886,
2016-03-09,12.966,12.754,12.886,12.825,
2016-03-08,12.857,12.739,12.825,12.951,
2016-03-07,13.051,12.919,12.951,13.054,
2016-03-04,13.236,13.054,13.054,13.255,
2016-03-03,13.402,13.251,13.255,13.266,
2016-03-02,13.547,13.337,13.385,13.062,
2016-03-01,13.062,13.062,13.062,13.049,
2016-02-29,13.117,12.81,13.117,12.972,
2016-02-18,13.111,12.918,12.938,13.003,
2016-02-17,13.028,12.622,13.003,12.737,
2016-02-16,12.83,12.646,12.737,12.763,
2016-02-15,12.846,12.571,12.763,12.406,
2016-02-12,12.247,12.247,12.247,12.261,
2016-02-11,12.261,12.261,12.261,12.396,
2016-02-10,12.396,12.396,12.396,12.37,
2016-02-09,12.37,12.37,12.37,13.193,
2016-02-08,13.193,13.193,13.193,13.102,
2016-02-05,13.669,13.101,13.101,13.851,
2016-02-04,13.948,13.64,13.851,14.117,
2016-02-03,14.152,13.872,14.117,14.135,
2016-02-02,14.317,14.098,14.135,14.296,
2016-02-01,14.328,14.029,14.296,13.709,
2016-01-29,13.757,13.631,13.709,13.617,
2016-01-28,13.695,13.555,13.617,13.762,
2016-01-27,13.762,13.585,13.762,13.626,
2016-01-26,13.632,13.343,13.626,13.575,
2016-01-25,13.705,13.575,13.575,13.672,
2016-01-22,13.706,13.156,13.706,13.111,
2016-01-21,13.218,13.07,13.111,13.191,
2016-01-20,13.191,13.013,13.191,13.558,
2016-01-19,13.59,13.44,13.558,13.426,
2016-01-18,13.515,13.414,13.426,13.505,
2016-01-15,13.723,13.432,13.505,13.939,
2016-01-14,13.993,13.939,13.939,14.358,
2016-01-13,14.545,14.358,14.358,14.421,
2016-01-12,14.63,14.255,14.63,14.425,
2016-01-11,14.517,14.148,14.425,14.504,
2016-01-08,14.569,14.341,14.504,14.421,
2016-01-07,14.421,14.255,14.421,14.582,
2016-01-06,14.735,14.582,14.582,14.542,
2016-01-05,14.542,14.542,14.542,13.838,
2016-01-04,13.838,13.838,13.838,14.984,
2015-12-30,14.984,14.984,14.984,14.013,
2015-12-29,14.013,14.013,14.013,14.028,
2015-12-28,14.028,14.028,14.028,14.534,
2015-12-23,14.534,14.534,14.534,14.592,
2015-12-22,14.731,14.592,14.592,14.398,
2015-12-21,14.398,14.398,14.398,14.789,
2015-12-18,14.943,14.75,14.789,14.922,
2015-12-17,15.088,14.901,14.981,14.882,
2015-12-16,14.955,14.721,14.955,14.542,
2015-12-15,14.542,14.542,14.542,14.568,
2015-12-14,14.568,14.368,14.568,14.33,
2015-12-11,14.712,14.519,14.536,14.701,
2015-12-10,14.834,14.635,14.701,14.834,
2015-12-09,14.891,14.714,14.834,14.948,
2015-12-08,15.17,14.948,14.948,15.029,
2015-12-07,15.443,15.022,15.022,15.27,
2015-12-04,15.297,15.076,15.27,15.411,
2015-12-03,15.816,15.411,15.411,15.795,
2015-12-02,15.88,15.686,15.795,15.74,
2015-12-01,15.74,15.487,15.74,16.179,
2015-11-30,16.179,15.62,16.179,15.763,
2015-11-27,15.801,15.498,15.763,15.627,
2015-11-26,15.644,15.551,15.627,15.757,
2015-11-25,15.757,15.379,15.757,15.307,
2015-11-24,15.546,15.307,15.307,16.4,
2015-11-23,16.4,16.4,16.4,16.549,
2015-11-20,16.549,15.429,16.549,15.673,
2015-11-19,15.673,15.404,15.673,15.365,
2015-11-18,15.387,15.273,15.365,15.362,
2015-11-17,15.362,15.009,15.362,14.971,
2015-11-16,14.883,14.692,14.848,14.742,
2015-11-13,14.969,14.755,14.755,15.211,
2015-11-12,15.211,15.03,15.211,15.077,
2015-11-11,15.193,14.894,15.077,14.946,
2015-11-10,14.979,14.888,14.946,15.52,
2015-11-09,15.52,14.949,15.52,14.969,
2015-11-06,14.969,14.926,14.969,15.104,
2015-11-05,15.104,15.104,15.104,15.059,
2015-11-04,15.059,15.059,15.059,15.057,
2015-11-03,15.194,15.057,15.057,15.092,
2015-11-02,15.186,14.962,15.092,15.038,
2015-10-30,15.113,15.038,15.038,15.055,
2015-10-29,15.055,15.055,15.055,15.036,
2015-10-28,15.036,14.816,15.036,15.08,
2015-10-27,15.08,15.012,15.08,15.198,
2015-10-26,15.259,15.158,15.198,15.339,
2015-10-23,15.354,14.892,15.339,14.806,
2015-10-22,14.806,14.623,14.806,14.348,
2015-10-21,14.348,14.348,14.348,14.499,
2015-10-20,14.533,14.362,14.499,14.508,
2015-10-19,14.508,14.34,14.508,14.466,
2015-10-16,14.466,14.395,14.466,14.329,
2015-10-15,14.361,14.199,14.329,14.023,
2015-10-14,14.023,14.023,14.023,14.073,
2015-10-13,14.152,14.052,14.073,14.224,
2015-10-12,14.313,14.224,14.224,14.517,
2015-10-09,14.61,14.454,14.517,14.442,
2015-10-08,14.45,14.339,14.442,14.355,
2015-10-07,14.486,14.239,14.355,14.407,
2015-10-06,14.438,14.291,14.407,13.886,
2015-10-05,13.886,13.886,13.886,13.779,
2015-10-02,14.072,13.779,13.779,13.897,
2015-10-01,13.897,13.897,13.897,13.492,
2015-09-30,13.492,13.492,13.492,13.655,
2015-09-29,13.743,13.655,13.655,13.787,
2015-09-28,13.828,13.787,13.787,13.803,
2015-09-25,13.803,13.563,13.803,13.712,
2015-09-24,13.873,13.686,13.712,13.823,
2015-09-23,13.842,13.666,13.823,13.912,
2015-09-22,13.976,13.84,13.912,13.99,
2015-09-21,14.063,13.793,13.99,13.77,
2015-09-18,13.77,13.637,13.77,13.859,
2015-09-17,13.976,13.77,13.859,13.731,
2015-09-16,13.731,13.49,13.731,13.575,
2015-09-15,13.743,13.535,13.575,13.756,
2015-09-14,13.875,13.637,13.756,13.777,
2015-09-11,13.988,13.777,13.777,13.941,
2015-09-10,14.219,13.941,13.941,14.184,
2015-09-09,14.275,13.931,14.184,13.906,
2015-09-08,13.984,13.738,13.906,13.839,
2015-09-07,13.926,13.674,13.839,13.667,
2015-09-04,13.878,13.667,13.667,13.688,
2015-09-03,13.688,13.688,13.688,13.85,
2015-09-02,13.85,13.617,13.85,13.618,
2015-09-01,13.71,13.618,13.618,13.737,
2015-08-31,14.556,13.73,13.737,14.474,
2015-08-28,14.474,13.961,14.474,13.656,
2015-08-27,13.656,13.656,13.656,13.653,
2015-08-26,14.044,13.653,13.653,14.04,
2015-08-25,14.044,13.567,14.04,13.702,
2015-08-24,13.702,13.341,13.702,14.504,
2015-08-21,14.565,14.503,14.504,14.785,
2015-08-20,15.03,14.785,14.785,15.185,
2015-08-19,15.195,15.136,15.185,15.264,
2015-08-18,15.264,14.987,15.264,15.128,
2015-08-17,15.128,15.01,15.128,14.999,
2015-08-14,15.059,14.846,14.999,14.917,
2015-08-13,14.98,14.608,14.917,14.77,
2015-08-12,14.775,14.647,14.77,14.844,
2015-08-11,15.222,14.844,14.844,15.219,
2015-08-10,15.288,14.995,15.219,15.275,
2015-08-07,15.388,15.275,15.275,15.736,
2015-08-06,16.07,15.706,15.736,15.879,
2015-08-05,16.078,15.879,15.879,15.928,
2015-08-04,15.989,15.78,15.928,15.906,
2015-08-03,15.971,15.906,15.906,15.658,
2015-07-31,15.658,15.658,15.658,15.8,
2015-07-30,15.8,15.8,15.8,15.786,
2015-07-29,16.553,15.597,15.786,15.729,
2015-07-28,15.775,15.485,15.729,15.452,
2015-07-24,16.5,15.675,15.675,15.982,
2015-07-23,16.201,15.938,15.982,15.947,
2015-07-22,16.151,15.881,15.947,16.174,
2015-07-21,16.174,16.104,16.174,15.998,
2015-07-20,15.998,15.998,15.998,16.176,
2015-07-17,16.251,16.055,16.176,16.072,
2015-07-16,16.072,16.04,16.072,15.88,
2015-07-15,15.88,15.655,15.88,14.95,
2015-07-14,14.95,14.95,14.95,14.914,
2015-07-13,14.934,14.545,14.914,14.166,
2015-07-10,14.166,14.166,14.166,14.383,
2015-07-09,14.399,14.094,14.383,14.098,
2015-07-08,14.338,14.098,14.098,14.352,
2015-07-07,14.568,14.324,14.352,14.474,
2015-07-06,14.566,14.423,14.474,14.588,
2015-07-03,14.638,14.538,14.588,14.654,
2015-07-02,14.761,14.638,14.654,14.802,
2015-07-01,14.802,14.428,14.802,14.508,
2015-06-30,14.53,14.399,14.508,14.407,
2015-06-29,14.933,14.407,14.407,14.81,
2015-06-26,14.81,14.765,14.81,14.902,
2015-06-25,14.902,14.706,14.902,14.866,
2015-06-24,15.025,14.866,14.866,15.043,
2015-06-19,14.472,14.267,14.414,14.295,
2015-06-18,14.415,14.277,14.295,14.285,
2015-06-17,14.285,14.047,14.285,14.161,
2015-06-16,14.161,14.061,14.161,14.229,
2015-06-02,14.449,14.291,14.293,14.369,
2015-06-01,14.645,14.369,14.369,14.56,
2015-05-29,14.699,14.56,14.56,14.679,
2015-05-28,14.982,14.679,14.679,15.026,
2015-05-27,15.026,14.885,15.026,14.936,
2015-05-26,15.177,14.936,14.936,15.087,
2015-05-22,15.237,15.02,15.087,15.167,
2015-05-21,15.171,14.873,15.167,14.884,
2015-05-20,15.106,14.884,14.884,14.982,
2015-05-19,15.034,14.591,14.982,14.598,
2015-05-18,14.655,14.532,14.598,14.638,
2015-05-15,14.638,14.638,14.638,14.524,
2015-05-14,14.524,14.524,14.524,14.694,
2015-05-13,14.827,14.592,14.694,14.489,
2015-05-12,14.769,14.489,14.489,14.81,
2015-05-11,14.831,14.68,14.81,14.71,
2015-05-07,14.272,14.118,14.272,14.714,
2015-05-06,14.714,14.317,14.714,14.148,
2015-05-05,14.148,14.148,14.148,14.978,
2015-05-04,14.978,14.978,14.978,14.656,
2015-04-30,14.751,14.583,14.656,14.833,
2015-04-29,15.154,14.833,14.833,14.977,
2015-04-28,15.125,14.977,14.977,15.208,
2015-04-27,15.223,15.07,15.208,14.854,
2015-04-24,14.854,14.854,14.854,14.867,
2015-04-23,15.013,14.867,14.867,14.993,
2015-04-22,15.092,14.993,14.993,15.049,
2015-04-21,15.049,14.34,15.049,14.392,
2015-04-20,14.492,14.336,14.392,14.405,
2015-04-09,14.118,14.086,14.118,13.725,
2015-04-08,13.725,13.725,13.725,13.335,
2015-04-07,13.335,13.335,13.335,13.32,
2015-04-02,13.32,13.32,13.32,13.505,
2015-04-01,13.505,13.466,13.505,13.559,
2015-03-31,13.559,13.559,13.559,13.457,
2015-03-30,13.499,13.457,13.457,13.437,
2015-03-27,13.437,13.437,13.437,13.328,
2015-03-26,13.328,13.328,13.328,13.818,
2015-03-25,13.818,13.784,13.818,13.738,
2015-03-24,13.85,13.738,13.738,13.769,
2015-03-23,14.026,13.769,13.769,14.1,
2015-03-20,14.135,13.976,14.1,13.883,
2015-03-19,13.883,13.883,13.883,14.644,
2015-03-18,14.644,13.829,14.644,13.842,
2015-03-17,13.904,13.772,13.842,13.88,
2015-03-16,13.896,13.737,13.88,13.715,
2015-03-13,13.715,13.662,13.715,13.871,
2015-03-12,13.871,13.684,13.871,14.134,
2015-03-11,14.134,13.69,14.134,13.818,
2015-03-10,13.818,13.639,13.818,13.85,
2015-03-09,13.85,13.85,13.85,13.662,
2015-03-06,13.72,13.616,13.662,13.598,
2015-03-05,13.688,13.459,13.688,13.457,
2015-03-04,13.508,13.301,13.457,13.456,
2015-03-03,13.599,13.456,13.456,13.575,
2015-03-02,13.655,13.44,13.575,13.611,
2015-02-27,13.611,13.511,13.611,13.532,
2015-02-26,13.532,13.454,13.532,13.049,
2015-02-25,13.049,13.049,13.049,13.033,
2015-02-24,13.112,12.951,13.034,12.72,
2015-02-23,12.72,12.72,12.72,12.694,
2015-02-20,13.15,12.694,12.694,12.749,
2015-02-19,12.491,12.491,12.491,12.366,
2015-02-17,12.403,12.403,12.403,12.195,
2015-02-16,12.195,12.195,12.195,12.258,
2015-02-13,12.258,12.258,12.258,12.302,
2015-02-12,12.331,12.302,12.302,12.352,
2015-02-11,12.352,12.3,12.352,12.471,
2015-02-10,12.7,12.572,12.689,12.711,
2015-02-09,12.759,12.704,12.711,12.844,
2015-02-06,12.844,12.585,12.844,12.607,
2015-02-05,12.709,12.584,12.607,12.221,
2015-02-04,12.221,12.22,12.221,12.233,
2015-02-03,12.233,12.031,12.233,12.031,
2015-02-02,12.214,12.031,12.031,12.181,
2015-01-30,12.19,12.181,12.181,12.362,
2015-01-29,12.37,12.362,12.362,12.458,
2015-01-28,12.458,12.34,12.458,12.468,
2015-01-27,12.468,12.357,12.468,12.365,
2015-01-26,12.365,12.365,12.365,12.264,
2015-01-23,12.264,12.145,12.264,11.845,
2015-01-22,11.845,11.845,11.845,11.847,
2015-01-21,12.062,11.847,11.847,11.946,
2015-01-20,11.946,11.865,11.946,11.827,
2015-01-19,11.827,11.827,11.827,11.72,
2015-01-16,11.72,11.72,11.72,11.768,
2015-01-14,11.385,11.385,11.385,11.185,
2015-01-13,11.185,11.185,11.185,11.194,
2015-01-12,11.403,11.1,11.403,11.243,
2015-01-09,11.243,11.139,11.243,10.881,
2015-01-08,10.881,10.881,10.881,10.773,
2015-01-07,10.773,10.773,10.773,10.869,
2015-01-06,10.869,10.853,10.869,10.875,
2015-01-05,11.223,11.223,11.223,11.424,
2015-01-02,11.441,11.386,11.424,11.366,
2014-12-30,11.366,11.366,11.366,11.225,
2014-12-29,11.225,11.225,11.225,11.291,
2014-12-23,11.332,11.186,11.291,11.141,
2014-12-22,11.141,11.141,11.141,11.192,
2014-12-19,11.255,11.192,11.192,11.222,
2014-12-18,11.222,11.066,11.222,11.367,
2014-12-17,11.367,10.81,11.367,10.741,
2014-12-16,10.741,10.654,10.741,11.019,
2014-12-15,11.206,11.019,11.019,11.474,
2014-12-12,11.474,11.474,11.474,11.432,
2014-12-11,11.432,11.432,11.432,11.451,
2014-12-10,11.451,11.451,11.451,11.669,
2014-12-09,11.737,11.669,11.669,11.748,
2014-12-08,12.122,11.748,11.748,11.814,
2014-12-05,11.476,11.476,11.476,12.099,
2014-12-04,12.099,11.588,12.099,11.585,
2014-12-03,11.68,11.491,11.585,11.627,
2014-12-02,11.627,11.477,11.627,11.476,
2014-12-01,11.499,11.499,11.499,11.435,
2014-11-28,11.435,11.435,11.435,11.457,
2014-11-27,11.612,11.457,11.457,11.47,
2014-11-26,11.464,11.301,11.464,11.09,
2014-11-25,11.09,11.09,11.09,11.085,
2014-11-24,11.085,11.085,11.085,11.01,
2014-11-21,11.01,11.01,11.01,11.011,
2014-11-20,11.011,11.011,11.011,10.898,
2014-11-19,10.898,10.898,10.898,10.626,
2014-11-18,10.626,10.626,10.626,10.402,
2014-11-17,10.402,10.402,10.402,10.663,
2014-11-14,10.663,10.663,10.663,10.639,
2014-11-13,10.71,10.639,10.639,11.174,
2014-11-12,11.174,10.563,11.174,11.194,
2014-11-11,11.194,11.098,11.194,11.161,
2014-11-10,11.188,11.118,11.161,11.113,
2014-11-07,11.113,11.113,11.113,11.179,
2014-11-06,11.179,11.179,11.179,10.992,
2014-11-05,10.992,10.992,10.992,11.12,
2014-11-04,11.12,11.12,11.12,11.706,
2014-11-03,11.095,11.095,11.095,11.068,
2014-10-31,11.192,11.068,11.068,10.854,
2014-10-30,10.854,10.854,10.854,10.874,
2014-10-29,10.874,10.874,10.874,10.811,
2014-10-28,10.811,10.811,10.811,10.73,
2014-10-27,10.73,10.73,10.73,10.69,
2014-10-23,10.73,10.73,10.73,10.675,
2014-10-22,10.675,10.675,10.675,10.701,
2014-10-21,10.701,10.601,10.701,10.526,
2014-10-20,10.526,10.526,10.526,10.466,
2014-10-17,10.466,10.466,10.466,10.522,
2014-10-16,10.523,10.522,10.522,10.532,
2014-10-15,10.894,10.894,10.894,10.973,
2014-10-14,10.973,10.926,10.973,11.051,
2014-10-13,11.076,11.043,11.051,11.151,
2014-10-10,11.151,11.126,11.151,11.214,
2014-10-09,11.214,11.089,11.214,11.125,
2014-10-08,11.125,11.094,11.125,11.089,
2014-10-07,11.249,11.089,11.089,11.16,
2014-10-06,11.262,11.16,11.16,11.156,
2014-10-02,11.156,11.122,11.156,11.255,
2014-10-01,11.256,11.12,11.255,11.22,
2014-09-30,11.22,11.125,11.22,11.13,
2014-09-29,11.165,11.07,11.13,10.97,
2014-09-26,10.97,10.97,10.97,10.99,
2014-09-25,10.99,10.99,10.99,10.995,
2014-09-24,10.995,10.995,10.995,11.1,
2014-09-23,11.1,11.1,11.1,11.115,
2014-09-22,11.115,11.115,11.115,11.095,
2014-09-19,11.095,11.095,11.095,10.89,
2014-09-18,10.89,10.89,10.89,10.82,
2014-09-17,10.82,10.82,10.82,10.775,
2014-09-16,10.775,10.775,10.775,10.78,
2014-09-15,10.78,10.78,10.78,10.68,
2014-09-12,10.68,10.68,10.68,10.815,
2014-09-11,10.815,10.815,10.815,10.79,
2014-09-10,10.79,10.79,10.79,10.81,
2014-09-09,10.81,10.81,10.81,10.815,
2014-09-08,10.815,10.815,10.815,10.965,
2014-09-05,10.965,10.965,10.965,10.865,
2014-09-04,10.865,10.865,10.865,10.86,
2014-09-03,10.86,10.86,10.86,10.93,
2014-09-02,10.93,10.93,10.93,10.855,
2014-09-01,10.855,10.855,10.855,10.765,
2014-08-29,10.765,10.765,10.765,10.74,
2014-08-28,10.74,10.74,10.74,10.695,
2014-08-27,10.695,10.695,10.695,10.625,
2014-08-26,10.625,10.625,10.625,10.61,
2014-08-25,10.61,10.61,10.61,10.64,
2014-08-22,10.64,10.55,10.64,10.575,
2014-08-21,10.575,10.575,10.575,10.54,
2014-08-20,10.54,10.54,10.54,10.51,
2014-08-19,10.51,10.51,10.51,10.43,
2014-08-18,10.43,10.43,10.43,10.485,
2014-08-15,10.485,10.485,10.485,10.525,
2014-08-14,10.525,10.525,10.525,10.475,
2014-08-13,10.475,10.475,10.475,10.45,
2014-08-12,10.45,10.45,10.45,10.37,
2014-08-11,10.37,10.37,10.37,10.49,
2014-08-08,10.49,10.49,10.49,10.595,
2014-08-07,10.595,10.595,10.595,10.665,
2014-08-06,10.665,10.665,10.665,10.58,
2014-08-05,10.58,10.58,10.58,10.8,
2014-08-04,10.8,10.8,10.8,10.86,
2014-08-01,10.86,10.86,10.86,10.895,
2014-07-31,10.895,10.895,10.895,11.03,
2014-07-30,11.03,11.03,11.03,11.2,
2014-07-29,11.2,11.2,11.2,10.85,
2014-07-28,10.85,10.85,10.85,11.43,
2014-07-25,11.43,11.43,11.43,11.355,
2014-07-22,11.21,11.21,11.21,11.37,
2014-07-21,11.37,11.37,11.37,11.15,
2014-07-18,11.15,11.15,11.15,11.075,
2014-07-17,11.075,11.075,11.075,11.015,
2014-07-15,10.9,10.9,10.9,10.86,
2014-07-14,10.86,10.86,10.86,10.755,
2014-07-11,10.755,10.755,10.755,11.15,
2014-07-10,11.15,11.15,11.15,11.15,
2014-06-25,10.99,10.99,10.99,10.95,
2014-06-24,10.95,10.95,10.95,10.965,
2014-06-23,10.965,10.965,10.965,10.71,
2014-06-20,10.71,10.71,10.71,10.62,
2014-06-19,10.62,10.62,10.62,10.615,
2014-06-18,10.615,10.615,10.615,10.605,
2014-06-17,10.605,10.605,10.605,10.715,
2014-06-16,10.715,10.715,10.715,10.785,
2014-06-13,10.785,10.785,10.785,10.57,
2014-06-12,10.57,10.57,10.57,10.53,
2014-06-11,10.53,10.53,10.53,10.645,
2014-06-10,10.645,10.645,10.645,10.49,
2014-06-09,10.49,10.49,10.49,10.52,
2014-06-06,10.52,10.52,10.52,10.565,
2014-06-05,10.565,10.565,10.565,10.505,
2014-06-04,10.505,10.505,10.505,11.04,
2014-06-03,11.04,10.63,11.04,10.595,
2014-06-02,10.595,10.595,10.595,10.695,
2014-05-30,10.695,10.695,10.695,10.665,
2014-05-29,10.665,10.665,10.665,10.595,
2014-05-28,10.595,10.595,10.595,10.525,
2014-05-27,10.525,10.525,10.525,10.535,
2014-05-26,10.535,10.535,10.535,10.56,
2014-05-23,10.56,10.56,10.56,10.635,
2014-05-22,10.635,10.635,10.635,10.43,
2014-05-20,10.36,10.36,10.36,10.205,
2014-05-16,10.205,10.205,10.205,10.12,
2014-05-15,10.12,10.12,10.12,10.355,
2014-05-14,10.355,10.355,10.355,10.42,
2014-05-13,10.42,10.42,10.42,10.71,
2014-05-12,10.71,10.71,10.71,10.665,
2014-05-09,10.665,10.665,10.665,10.6,
2014-05-08,10.6,10.6,10.6,10.54,
2014-05-07,10.54,10.54,10.54,10.625,
2014-05-06,10.625,10.625,10.625,10.62,
2014-05-05,10.62,10.62,10.62,10.87,
2014-05-02,10.87,10.87,10.87,10.635,
2014-04-30,10.635,10.635,10.635,10.5,
2014-04-29,10.5,10.5,10.5,10.68,
2014-04-28,10.68,10.68,10.68,10.645,
2014-04-25,10.645,10.645,10.645,10.575,
2014-04-24,10.575,10.575,10.575,10.78,
2014-04-23,10.78,10.78,10.78,10.645,
2014-04-22,10.645,10.645,10.645,10.62,
2014-04-17,10.62,10.62,10.62,10.52,
2014-04-16,10.52,10.52,10.52,10.52,
2014-04-15,10.52,10.52,10.52,10.52,
2014-04-14,10.52,10.52,10.52,10.515,
2014-04-11,10.515,10.515,10.515,10.645,
2014-04-10,10.645,10.645,10.645,10.59,
2014-04-09,10.59,10.59,10.59,10.95,
2014-04-08,10.95,10.95,10.95,10.95,
2014-04-07,10.95,10.95,10.95,10.95,
2014-04-04,10.95,10.95,10.95,10.95,
2014-04-03,10.95,10.95,10.95,10.945,
2014-04-02,10.945,10.945,10.945,10.84,
2014-04-01,10.84,10.84,10.84,10.895,
2014-03-31,10.895,10.895,10.895,11.045,
2014-03-28,11.045,11.045,11.045,10.8,
2014-03-27,10.8,10.8,10.8,10.755,
2014-03-26,10.755,10.755,10.755,11.035,
2014-03-25,11.035,11.035,11.035,11.115,
2014-03-24,11.115,11.115,11.115,11.055,
2014-03-21,11.055,11.055,11.055,11.035,
2014-03-20,11.035,11.035,11.035,10.97,
